id_funcionario,data_reembolso,categoria,valor,descricao
1061,2024-12-20,Transporte,23.69,Reembolso de combustível
1088,2024-11-12,Educação,213.96,Inscrição em conferência da área
1027,2024-11-14,Outros,137.96,Compra emergencial durante viagem
1067,2024-10-31,Transporte,175.51,Reembolso de combustível
1097,2024-12-30,Educação,355.66,Treinamento obrigatório da empresa
1098,2025-01-31,Alimentação,39.94,Almoço com cliente em restaurante local
1088,2024-10-17,Educação,348.6,Inscrição em conferência da área
1024,2024-10-14,Transporte,38.11,Estacionamento em local de reunião
1098,2024-12-28,Outros,362.4,Compra de material de escritório
1091,2025-02-18,Hotel,505.78,Reembolso de hospedagem em congresso
1044,2025-02-07,Educação,290.64,Workshop de capacitação
1074,2025-01-08,Outros,398.87,Serviços de impressão para apresentação
1091,2025-01-08,Hotel,342.57,Hospedagem em viagem a trabalho
1064,2024-11-27,Hotel,320.58,Diária de hotel em missão comercial
1046,2025-03-08,Alimentação,62.49,Café da manhã durante evento corporativo
1046,2024-12-28,Educação,403.84,Treinamento obrigatório da empresa
1047,2025-03-20,Outros,10.0,Reembolso de brindes para cliente
1029,2025-02-11,Alimentação,10.0,Jantar em viagem de negócios
1085,2024-12-05,Transporte,81.95,Reembolso de combustível
1044,2024-12-18,Alimentação,96.55,Jantar em viagem de negócios
1074,2024-11-09,Educação,420.03,Workshop de capacitação
1082,2025-03-30,Transporte,81.47,Táxi do aeroporto ao hotel
1067,2025-03-21,Hotel,517.71,Estadia para evento corporativo
1067,2024-11-05,Alimentação,114.62,Café da manhã durante evento corporativo
1074,2024-11-29,Outros,10.0,Reembolso de brindes para cliente
1074,2024-11-23,Transporte,84.46,Aluguel de carro para deslocamento profissional
1044,2025-04-14,Hotel,638.08,Hospedagem em viagem a trabalho
1097,2025-04-05,Alimentação,93.48,Almoço com cliente em restaurante local
1046,2025-02-06,Transporte,79.61,Estacionamento em local de reunião
1046,2024-11-07,Alimentação,81.03,Compra de lanche em aeroporto
1098,2024-12-01,Alimentação,10.0,Café da manhã durante evento corporativo
1067,2025-04-13,Transporte,73.67,Táxi do aeroporto ao hotel
1011,2024-12-30,Transporte,118.14,Reembolso de combustível
1046,2025-03-27,Alimentação,50.53,Jantar em viagem de negócios
1067,2024-11-21,Transporte,102.36,Corrida de aplicativo para reunião externa
1041,2024-10-15,Hotel,689.37,Diária em hotel durante treinamento
1000,2025-02-18,Educação,265.75,Treinamento obrigatório da empresa
1016,2025-04-10,Hotel,634.09,Estadia para evento corporativo
1059,2025-01-30,Transporte,61.49,Táxi do aeroporto ao hotel
1004,2025-04-06,Educação,279.34,Compra de livro técnico
1088,2025-03-01,Hotel,722.04,Hospedagem em viagem a trabalho
1036,2024-12-07,Outros,223.55,Compra emergencial durante viagem
1047,2024-12-03,Transporte,76.54,Estacionamento em local de reunião
1082,2025-03-29,Educação,322.42,Workshop de capacitação
1004,2025-03-16,Hotel,742.92,Hospedagem em viagem a trabalho
1082,2025-01-01,Alimentação,18.5,Compra de lanche em aeroporto
1024,2025-02-16,Outros,373.86,Compra de material de escritório
1082,2024-11-23,Outros,149.56,Serviços de impressão para apresentação
1067,2025-01-25,Transporte,117.02,Estacionamento em local de reunião
1016,2025-03-05,Educação,419.72,Inscrição em conferência da área
1011,2025-04-10,Alimentação,38.85,Jantar em viagem de negócios
1047,2024-10-16,Hotel,458.11,Hospedagem em viagem a trabalho
1057,2025-02-27,Alimentação,71.34,Café da manhã durante evento corporativo
1022,2025-02-12,Alimentação,56.49,Café da manhã durante evento corporativo
1061,2025-02-23,Transporte,169.4,Corrida de aplicativo para reunião externa
1047,2024-12-05,Hotel,428.65,Diária em hotel durante treinamento
1004,2025-03-27,Alimentação,63.33,Almoço com cliente em restaurante local
1091,2024-12-02,Educação,320.44,Compra de livro técnico
1029,2025-01-24,Educação,179.79,Compra de livro técnico
1091,2025-02-28,Hotel,520.86,Diária de hotel em missão comercial
1091,2025-03-07,Alimentação,89.52,Refeição após reunião externa
1074,2025-03-05,Transporte,86.69,Táxi do aeroporto ao hotel
1022,2025-01-30,Alimentação,77.2,Almoço com cliente em restaurante local
1045,2025-02-16,Alimentação,64.12,Café da manhã durante evento corporativo
1088,2025-04-01,Alimentação,34.57,Almoço com cliente em restaurante local
1011,2024-12-12,Transporte,112.86,Aluguel de carro para deslocamento profissional
1029,2024-11-21,Alimentação,132.65,Compra de lanche em aeroporto
1049,2025-04-12,Hotel,603.68,Diária de hotel em missão comercial
1067,2025-02-09,Educação,322.53,Curso online de atualização profissional
1077,2025-04-09,Transporte,127.71,Estacionamento em local de reunião
1077,2025-04-11,Transporte,49.23,Corrida de aplicativo para reunião externa
1016,2025-04-14,Hotel,940.5,Hospedagem em viagem a trabalho
1069,2025-04-12,Educação,320.23,Treinamento obrigatório da empresa
1004,2024-10-17,Outros,444.78,Serviços de impressão para apresentação
1085,2024-12-25,Hotel,453.39,Estadia para evento corporativo
1098,2025-02-04,Alimentação,134.54,Almoço com cliente em restaurante local
1024,2025-02-09,Outros,316.27,Compra emergencial durante viagem
1097,2024-11-06,Transporte,122.12,Corrida de aplicativo para reunião externa
1000,2025-01-20,Alimentação,87.02,Refeição após reunião externa
1049,2025-02-05,Hotel,550.29,Diária de hotel em missão comercial
1098,2025-02-25,Transporte,148.02,Corrida de aplicativo para reunião externa
1064,2025-03-07,Transporte,105.61,Táxi do aeroporto ao hotel
1057,2024-12-31,Hotel,206.59,Diária em hotel durante treinamento
1098,2025-02-02,Alimentação,46.48,Café da manhã durante evento corporativo
1024,2024-11-08,Educação,281.42,Compra de livro técnico
1085,2024-10-21,Hotel,662.0,Diária em hotel durante treinamento
1088,2024-12-02,Outros,191.51,Assinatura de software temporário
1082,2024-11-21,Hotel,843.79,Reembolso de hospedagem em congresso
1000,2025-02-22,Transporte,21.96,Aluguel de carro para deslocamento profissional
1027,2025-04-02,Hotel,628.72,Reembolso de hospedagem em congresso
1081,2025-02-14,Hotel,236.4,Hospedagem em viagem a trabalho
1088,2025-01-22,Outros,313.96,Compra de material de escritório
1032,2025-03-30,Alimentação,77.17,Almoço com cliente em restaurante local
1085,2025-01-03,Hotel,683.92,Diária de hotel em missão comercial
1024,2024-11-27,Outros,70.42,Reembolso de brindes para cliente
1028,2024-12-06,Alimentação,118.38,Refeição após reunião externa
1041,2025-01-29,Educação,404.17,Treinamento obrigatório da empresa
1036,2024-10-28,Educação,358.35,Treinamento obrigatório da empresa
1098,2024-11-30,Educação,287.05,Workshop de capacitação
1049,2024-11-19,Educação,357.99,Curso online de atualização profissional
1026,2025-03-13,Outros,93.97,Compra emergencial durante viagem
1074,2025-03-28,Outros,328.33,Reembolso de brindes para cliente
1048,2025-03-30,Educação,464.95,Inscrição em conferência da área
1029,2025-01-28,Transporte,142.82,Táxi do aeroporto ao hotel
1002,2025-04-11,Alimentação,58.11,Refeição após reunião externa
1049,2024-11-10,Educação,336.14,Inscrição em conferência da área
1057,2025-03-20,Transporte,48.27,Estacionamento em local de reunião
1088,2024-10-18,Hotel,714.48,Diária em hotel durante treinamento
1049,2024-12-09,Educação,345.06,Treinamento obrigatório da empresa
1024,2024-12-05,Outros,10.0,Serviços de impressão para apresentação
1088,2025-01-03,Outros,25.73,Assinatura de software temporário
1080,2025-02-18,Outros,157.53,Compra emergencial durante viagem
1041,2025-03-08,Educação,269.91,Curso online de atualização profissional
1024,2025-01-31,Transporte,51.62,Táxi do aeroporto ao hotel
1074,2024-12-21,Outros,258.35,Compra emergencial durante viagem
1091,2024-12-24,Alimentação,87.54,Almoço com cliente em restaurante local
1074,2025-01-10,Alimentação,74.17,Café da manhã durante evento corporativo
1044,2025-04-10,Hotel,448.84,Reembolso de hospedagem em congresso
1088,2025-03-28,Educação,404.87,Compra de livro técnico
1074,2025-03-03,Outros,448.31,Assinatura de software temporário
1027,2025-01-19,Transporte,80.66,Reembolso de combustível
1024,2025-04-14,Transporte,75.51,Estacionamento em local de reunião
1028,2025-02-16,Educação,349.12,Curso online de atualização profissional
1024,2024-12-08,Hotel,528.39,Hospedagem em viagem a trabalho
1046,2025-03-21,Educação,286.06,Workshop de capacitação
1000,2025-02-04,Alimentação,102.19,Café da manhã durante evento corporativo
1036,2025-02-08,Hotel,218.13,Estadia para evento corporativo
1097,2024-12-14,Alimentação,119.55,Jantar em viagem de negócios
1002,2024-11-13,Hotel,614.54,Reembolso de hospedagem em congresso
1098,2024-11-28,Hotel,517.7,Estadia para evento corporativo
1004,2025-02-03,Educação,291.08,Treinamento obrigatório da empresa
1088,2025-03-25,Alimentação,78.87,Jantar em viagem de negócios
1022,2025-03-07,Transporte,30.75,Aluguel de carro para deslocamento profissional
1067,2025-03-02,Educação,449.49,Treinamento obrigatório da empresa
1000,2025-03-09,Alimentação,81.24,Compra de lanche em aeroporto
1029,2025-02-25,Alimentação,93.29,Café da manhã durante evento corporativo
1036,2024-12-16,Outros,342.73,Assinatura de software temporário
1002,2025-03-07,Outros,46.83,Compra emergencial durante viagem
1064,2024-12-11,Transporte,118.94,Táxi do aeroporto ao hotel
1069,2024-11-15,Alimentação,71.97,Jantar em viagem de negócios
1027,2024-11-12,Educação,384.68,Curso online de atualização profissional
1000,2025-04-12,Transporte,14.91,Reembolso de combustível
1000,2024-11-25,Educação,290.09,Treinamento obrigatório da empresa
1024,2025-03-15,Alimentação,61.92,Almoço com cliente em restaurante local
1098,2024-12-19,Hotel,686.45,Reembolso de hospedagem em congresso
1028,2024-12-15,Educação,347.0,Inscrição em conferência da área
1098,2025-02-08,Outros,93.86,Compra emergencial durante viagem
1047,2025-01-16,Hotel,457.57,Hospedagem em viagem a trabalho
1088,2024-10-26,Alimentação,76.68,Café da manhã durante evento corporativo
1064,2025-01-08,Educação,210.34,Curso online de atualização profissional
1029,2024-12-07,Outros,326.3,Reembolso de brindes para cliente
1046,2025-01-13,Transporte,85.23,Táxi do aeroporto ao hotel
1088,2025-02-28,Educação,10.0,Treinamento obrigatório da empresa
1064,2025-01-31,Alimentação,68.76,Refeição após reunião externa
1002,2024-12-29,Transporte,58.46,Estacionamento em local de reunião
1080,2025-02-01,Transporte,34.75,Reembolso de combustível
1028,2024-12-10,Hotel,352.51,Estadia para evento corporativo
1077,2024-12-11,Educação,310.94,Workshop de capacitação
1081,2025-03-20,Hotel,865.73,Hospedagem em viagem a trabalho
1081,2025-02-27,Hotel,662.64,Diária de hotel em missão comercial
1067,2025-04-03,Educação,239.35,Treinamento obrigatório da empresa
1016,2024-10-15,Alimentação,93.68,Compra de lanche em aeroporto
1085,2025-02-10,Hotel,508.18,Diária de hotel em missão comercial
1088,2025-02-18,Outros,95.81,Compra emergencial durante viagem
1045,2025-01-25,Hotel,369.13,Diária em hotel durante treinamento
1098,2025-02-02,Alimentação,27.45,Café da manhã durante evento corporativo
1088,2025-01-22,Hotel,522.02,Estadia para evento corporativo
1088,2025-03-03,Hotel,631.61,Hospedagem em viagem a trabalho
1032,2024-12-31,Outros,185.51,Reembolso de brindes para cliente
1046,2024-11-08,Outros,137.6,Assinatura de software temporário
1085,2025-02-01,Hotel,410.85,Hospedagem em viagem a trabalho
1004,2025-03-24,Alimentação,98.25,Refeição após reunião externa
1045,2025-04-08,Hotel,336.57,Reembolso de hospedagem em congresso
1024,2025-04-03,Educação,377.6,Curso online de atualização profissional
1067,2024-11-28,Outros,49.67,Reembolso de brindes para cliente
1011,2024-11-23,Transporte,69.9,Estacionamento em local de reunião
1057,2024-11-18,Educação,153.32,Workshop de capacitação
1026,2024-12-30,Hotel,499.72,Hospedagem em viagem a trabalho
1085,2024-12-09,Outros,346.3,Reembolso de brindes para cliente
1045,2024-10-25,Alimentação,95.47,Refeição após reunião externa
1002,2024-11-14,Hotel,795.68,Diária de hotel em missão comercial
1091,2024-10-16,Transporte,120.89,Reembolso de combustível
1088,2025-04-03,Alimentação,46.89,Jantar em viagem de negócios
1047,2025-03-06,Transporte,86.77,Reembolso de combustível
1024,2025-02-19,Hotel,443.96,Estadia para evento corporativo
1088,2025-01-08,Outros,399.59,Serviços de impressão para apresentação
1081,2025-02-17,Alimentação,44.1,Refeição após reunião externa
1046,2024-12-26,Outros,334.05,Compra emergencial durante viagem
1067,2024-12-13,Alimentação,106.79,Refeição após reunião externa
1069,2025-01-02,Outros,474.44,Compra de material de escritório
1036,2025-02-14,Educação,259.03,Treinamento obrigatório da empresa
1036,2025-03-18,Educação,371.23,Curso online de atualização profissional
1032,2025-01-01,Transporte,191.27,Táxi do aeroporto ao hotel
1011,2025-02-11,Educação,238.24,Treinamento obrigatório da empresa
1081,2024-11-17,Transporte,38.6,Reembolso de combustível
1036,2025-04-13,Transporte,24.8,Corrida de aplicativo para reunião externa
1097,2025-03-16,Hotel,742.54,Hospedagem em viagem a trabalho
1059,2025-01-25,Alimentação,23.51,Almoço com cliente em restaurante local
1022,2025-02-12,Hotel,525.54,Hospedagem em viagem a trabalho
1091,2024-11-03,Transporte,117.49,Estacionamento em local de reunião
1091,2024-12-04,Transporte,107.41,Aluguel de carro para deslocamento profissional
1091,2024-10-31,Alimentação,92.76,Jantar em viagem de negócios
1067,2024-12-04,Educação,322.23,Compra de livro técnico
1024,2025-01-27,Educação,427.89,Compra de livro técnico
1091,2024-10-16,Alimentação,51.43,Almoço com cliente em restaurante local
1044,2025-04-08,Transporte,72.92,Reembolso de combustível
1080,2025-02-12,Hotel,445.47,Diária de hotel em missão comercial
1069,2024-12-11,Alimentação,104.91,Almoço com cliente em restaurante local
1057,2025-04-07,Transporte,136.02,Táxi do aeroporto ao hotel
1032,2025-01-28,Hotel,690.25,Estadia para evento corporativo
1002,2024-11-10,Alimentação,115.5,Refeição após reunião externa
1026,2025-01-02,Outros,23.29,Serviços de impressão para apresentação
1029,2025-03-01,Alimentação,130.02,Almoço com cliente em restaurante local
1036,2024-11-20,Hotel,904.65,Reembolso de hospedagem em congresso
1004,2025-04-05,Outros,310.34,Compra emergencial durante viagem
1041,2025-01-30,Hotel,956.36,Reembolso de hospedagem em congresso
1036,2024-10-24,Transporte,33.74,Reembolso de combustível
1097,2024-12-01,Hotel,495.11,Hospedagem em viagem a trabalho
1029,2025-02-16,Educação,226.47,Curso online de atualização profissional
1046,2025-03-02,Transporte,128.86,Táxi do aeroporto ao hotel
1061,2024-11-28,Alimentação,48.5,Compra de lanche em aeroporto
1026,2025-01-04,Transporte,130.3,Corrida de aplicativo para reunião externa
1000,2025-02-04,Alimentação,121.12,Refeição após reunião externa
1057,2025-04-10,Hotel,739.04,Diária de hotel em missão comercial
1067,2025-01-03,Alimentação,88.51,Compra de lanche em aeroporto
1046,2024-12-18,Alimentação,50.36,Almoço com cliente em restaurante local
1046,2025-02-13,Alimentação,54.59,Refeição após reunião externa
1022,2024-12-06,Educação,424.96,Curso online de atualização profissional
1028,2025-03-29,Hotel,755.87,Reembolso de hospedagem em congresso
1032,2025-03-24,Transporte,98.44,Táxi do aeroporto ao hotel
1032,2025-01-14,Alimentação,67.46,Café da manhã durante evento corporativo
1024,2025-03-04,Alimentação,19.23,Compra de lanche em aeroporto
1088,2024-11-23,Outros,39.37,Compra emergencial durante viagem
1032,2024-12-16,Transporte,176.46,Aluguel de carro para deslocamento profissional
1016,2025-03-05,Outros,10.0,Compra emergencial durante viagem
1048,2024-11-09,Hotel,637.9,Diária em hotel durante treinamento
1016,2025-03-29,Educação,400.74,Inscrição em conferência da área
1028,2024-12-16,Transporte,49.8,Reembolso de combustível
1041,2024-11-27,Transporte,107.39,Reembolso de combustível
1036,2024-12-28,Educação,393.79,Workshop de capacitação
1029,2025-02-08,Alimentação,80.37,Compra de lanche em aeroporto
1097,2025-01-05,Transporte,214.74,Aluguel de carro para deslocamento profissional
1011,2024-11-09,Transporte,33.26,Corrida de aplicativo para reunião externa
1080,2024-11-24,Alimentação,111.76,Almoço com cliente em restaurante local
1074,2024-11-04,Educação,282.72,Inscrição em conferência da área
1049,2024-12-29,Outros,315.79,Compra de material de escritório
1004,2025-03-16,Alimentação,93.24,Café da manhã durante evento corporativo
1088,2025-03-26,Transporte,70.67,Aluguel de carro para deslocamento profissional
1045,2024-11-28,Hotel,645.8,Reembolso de hospedagem em congresso
1046,2025-02-13,Alimentação,24.26,Jantar em viagem de negócios
1027,2025-01-07,Hotel,720.65,Estadia para evento corporativo
1036,2025-01-17,Hotel,659.63,Reembolso de hospedagem em congresso
1067,2025-04-08,Alimentação,99.16,Almoço com cliente em restaurante local
1091,2025-03-13,Alimentação,111.74,Almoço com cliente em restaurante local
1002,2025-01-10,Transporte,114.7,Reembolso de combustível
1047,2025-03-06,Educação,314.81,Treinamento obrigatório da empresa
1088,2025-03-08,Alimentação,53.57,Café da manhã durante evento corporativo
1011,2024-12-05,Transporte,71.51,Corrida de aplicativo para reunião externa
1024,2025-03-06,Educação,418.67,Compra de livro técnico
1088,2024-11-03,Educação,443.63,Compra de livro técnico
1024,2024-12-16,Transporte,90.48,Corrida de aplicativo para reunião externa
1002,2025-02-04,Alimentação,81.38,Jantar em viagem de negócios
1016,2024-12-07,Educação,209.54,Treinamento obrigatório da empresa
1098,2025-03-11,Outros,375.91,Assinatura de software temporário
1082,2024-12-16,Outros,299.81,Assinatura de software temporário
1098,2025-04-02,Hotel,988.24,Diária de hotel em missão comercial
1064,2024-11-28,Transporte,64.87,Aluguel de carro para deslocamento profissional
1097,2025-01-19,Alimentação,68.66,Refeição após reunião externa
1022,2025-01-04,Alimentação,86.94,Almoço com cliente em restaurante local
1088,2024-10-20,Hotel,729.3,Diária em hotel durante treinamento
1036,2025-03-29,Outros,167.65,Compra emergencial durante viagem
1004,2024-12-22,Outros,69.06,Reembolso de brindes para cliente
1085,2024-12-31,Hotel,776.28,Diária de hotel em missão comercial
1041,2024-10-20,Outros,308.17,Compra de material de escritório
1077,2025-04-10,Transporte,63.35,Aluguel de carro para deslocamento profissional
1047,2024-11-01,Educação,435.54,Inscrição em conferência da área
1028,2025-04-02,Outros,375.53,Compra de material de escritório
1080,2024-11-04,Transporte,105.37,Estacionamento em local de reunião
1098,2025-03-28,Educação,307.96,Inscrição em conferência da área
1071,2024-12-17,Educação,355.41,Workshop de capacitação
1098,2024-12-06,Hotel,427.66,Estadia para evento corporativo
1046,2025-01-01,Outros,204.5,Reembolso de brindes para cliente
1028,2025-03-20,Educação,84.76,Compra de livro técnico
1098,2024-12-29,Alimentação,106.29,Refeição após reunião externa
1022,2024-11-11,Outros,10.0,Assinatura de software temporário
1049,2024-10-25,Educação,450.34,Compra de livro técnico
1059,2025-03-14,Alimentação,70.1,Refeição após reunião externa
1067,2024-11-28,Alimentação,73.65,Almoço com cliente em restaurante local
1024,2025-01-26,Educação,237.23,Curso online de atualização profissional
1028,2025-04-05,Outros,156.79,Compra de material de escritório
1049,2024-11-20,Outros,412.78,Compra emergencial durante viagem
1057,2025-02-11,Hotel,102.44,Diária de hotel em missão comercial
1028,2024-12-11,Transporte,151.08,Aluguel de carro para deslocamento profissional
1011,2025-02-06,Hotel,667.6,Diária em hotel durante treinamento
1046,2025-03-21,Educação,179.3,Workshop de capacitação
1028,2025-03-05,Outros,38.7,Compra emergencial durante viagem
1098,2024-11-02,Hotel,935.28,Reembolso de hospedagem em congresso
1048,2024-11-20,Alimentação,51.63,Jantar em viagem de negócios
1080,2024-11-08,Hotel,369.33,Estadia para evento corporativo
1057,2024-12-07,Hotel,827.46,Diária de hotel em missão comercial
1041,2025-01-24,Hotel,667.71,Diária em hotel durante treinamento
1027,2024-12-07,Transporte,62.48,Aluguel de carro para deslocamento profissional
1002,2024-11-12,Educação,321.66,Curso online de atualização profissional
1088,2024-10-23,Outros,46.14,Reembolso de brindes para cliente
1069,2024-10-19,Alimentação,113.02,Refeição após reunião externa
1061,2025-02-07,Educação,406.14,Inscrição em conferência da área
1036,2025-01-28,Hotel,706.4,Diária em hotel durante treinamento
1091,2024-10-18,Educação,336.17,Curso online de atualização profissional
1057,2024-12-02,Outros,464.18,Compra de material de escritório
1098,2025-02-01,Educação,299.97,Compra de livro técnico
1085,2024-12-02,Outros,22.72,Compra emergencial durante viagem
1002,2025-03-09,Educação,344.95,Curso online de atualização profissional
1041,2024-10-16,Alimentação,142.58,Compra de lanche em aeroporto
1077,2024-12-24,Outros,47.79,Assinatura de software temporário
1026,2024-11-02,Transporte,85.54,Estacionamento em local de reunião
1082,2025-03-14,Transporte,116.66,Corrida de aplicativo para reunião externa
1091,2025-01-11,Outros,191.91,Compra emergencial durante viagem
1059,2025-04-07,Outros,52.65,Assinatura de software temporário
1024,2025-02-18,Outros,368.28,Reembolso de brindes para cliente
1088,2025-03-19,Educação,532.0,Workshop de capacitação
1045,2024-10-27,Educação,319.61,Inscrição em conferência da área
1002,2025-02-02,Educação,209.59,Treinamento obrigatório da empresa
1032,2024-12-09,Outros,10.0,Serviços de impressão para apresentação
1032,2025-02-08,Outros,238.7,Serviços de impressão para apresentação
1036,2025-02-04,Outros,365.58,Reembolso de brindes para cliente
1069,2025-01-26,Transporte,119.01,Estacionamento em local de reunião
1036,2024-12-14,Hotel,599.52,Estadia para evento corporativo
1036,2024-12-29,Transporte,76.43,Táxi do aeroporto ao hotel
1026,2025-03-19,Outros,36.18,Serviços de impressão para apresentação
1036,2025-01-07,Alimentação,105.04,Café da manhã durante evento corporativo
1028,2024-11-04,Educação,391.38,Treinamento obrigatório da empresa
1074,2025-04-13,Educação,145.43,Treinamento obrigatório da empresa
1045,2024-12-06,Educação,458.98,Curso online de atualização profissional
1041,2025-02-09,Alimentação,97.22,Almoço com cliente em restaurante local
1091,2025-01-02,Transporte,155.98,Corrida de aplicativo para reunião externa
1085,2024-11-01,Alimentação,39.74,Jantar em viagem de negócios
1088,2024-10-27,Transporte,45.37,Reembolso de combustível
1036,2025-04-07,Hotel,570.21,Hospedagem em viagem a trabalho
1046,2024-12-01,Hotel,700.56,Hospedagem em viagem a trabalho
1091,2025-01-14,Outros,469.45,Compra de material de escritório
1047,2025-03-26,Educação,370.61,Curso online de atualização profissional
1067,2024-12-10,Outros,163.6,Reembolso de brindes para cliente
1067,2025-03-24,Outros,46.04,Assinatura de software temporário
1098,2025-03-13,Outros,384.5,Serviços de impressão para apresentação
1032,2025-02-10,Alimentação,51.06,Refeição após reunião externa
1091,2025-02-12,Educação,462.85,Workshop de capacitação
1028,2024-11-27,Alimentação,71.47,Almoço com cliente em restaurante local
1067,2025-03-13,Hotel,918.12,Hospedagem em viagem a trabalho
1067,2024-10-29,Educação,367.89,Inscrição em conferência da área
1057,2024-11-13,Hotel,572.6,Diária de hotel em missão comercial
1044,2025-01-19,Outros,122.09,Reembolso de brindes para cliente
1098,2025-01-24,Transporte,86.36,Reembolso de combustível
1022,2025-04-04,Transporte,117.13,Corrida de aplicativo para reunião externa
1082,2025-03-10,Transporte,103.09,Estacionamento em local de reunião
1048,2024-11-14,Educação,240.62,Curso online de atualização profissional
1077,2024-10-30,Hotel,566.87,Diária de hotel em missão comercial
1088,2024-11-06,Transporte,103.14,Táxi do aeroporto ao hotel
1067,2024-11-03,Hotel,174.25,Diária em hotel durante treinamento
1011,2024-12-11,Educação,345.82,Inscrição em conferência da área
1027,2025-02-12,Transporte,60.81,Reembolso de combustível
1028,2025-01-01,Alimentação,45.4,Compra de lanche em aeroporto
1085,2025-03-08,Hotel,262.53,Reembolso de hospedagem em congresso
1074,2025-02-19,Outros,10.0,Serviços de impressão para apresentação
1071,2024-11-29,Hotel,328.91,Diária de hotel em missão comercial
1046,2025-02-06,Transporte,71.64,Estacionamento em local de reunião
1071,2025-03-26,Outros,492.99,Reembolso de brindes para cliente
1024,2025-04-13,Outros,121.12,Compra emergencial durante viagem
1024,2024-11-22,Alimentação,85.33,Café da manhã durante evento corporativo
1046,2025-02-22,Transporte,116.02,Reembolso de combustível
1011,2025-03-31,Hotel,626.21,Estadia para evento corporativo
1061,2024-10-25,Outros,188.38,Compra emergencial durante viagem
1098,2025-02-01,Outros,20.71,Compra de material de escritório
1048,2024-10-31,Hotel,890.19,Reembolso de hospedagem em congresso
1098,2024-12-28,Outros,471.08,Compra emergencial durante viagem
1098,2025-01-03,Alimentação,29.52,Café da manhã durante evento corporativo
1091,2025-01-07,Alimentação,49.28,Refeição após reunião externa
1088,2025-04-14,Outros,158.03,Serviços de impressão para apresentação
1064,2025-04-05,Outros,55.32,Serviços de impressão para apresentação
1026,2025-03-28,Outros,275.89,Assinatura de software temporário
1097,2025-02-28,Alimentação,58.15,Café da manhã durante evento corporativo
1088,2025-03-24,Transporte,186.6,Reembolso de combustível
1026,2025-02-20,Alimentação,115.72,Almoço com cliente em restaurante local
1029,2025-03-31,Outros,231.89,Compra emergencial durante viagem
1080,2025-02-21,Alimentação,110.81,Jantar em viagem de negócios
1085,2025-01-11,Transporte,144.24,Aluguel de carro para deslocamento profissional
1016,2024-12-23,Transporte,77.44,Estacionamento em local de reunião
1032,2025-03-11,Educação,218.38,Curso online de atualização profissional
1067,2024-12-30,Transporte,103.13,Corrida de aplicativo para reunião externa
1081,2025-01-19,Hotel,772.33,Diária em hotel durante treinamento
1049,2024-10-17,Alimentação,84.17,Almoço com cliente em restaurante local
1082,2024-12-08,Hotel,284.6,Diária de hotel em missão comercial
1071,2025-03-06,Outros,79.58,Reembolso de brindes para cliente
1088,2025-02-25,Educação,292.6,Compra de livro técnico
1022,2025-04-07,Educação,292.43,Compra de livro técnico
1059,2025-02-09,Alimentação,139.18,Refeição após reunião externa
1036,2024-10-24,Alimentação,38.42,Compra de lanche em aeroporto
1080,2025-01-10,Outros,275.84,Compra de material de escritório
1091,2024-12-10,Outros,423.37,Compra de material de escritório
1032,2024-10-22,Alimentação,148.14,Café da manhã durante evento corporativo
1026,2024-10-26,Alimentação,67.87,Café da manhã durante evento corporativo
1036,2025-01-30,Hotel,698.29,Diária de hotel em missão comercial
1049,2024-11-05,Hotel,713.95,Reembolso de hospedagem em congresso
1091,2025-02-24,Educação,319.55,Curso online de atualização profissional
1098,2025-03-08,Transporte,96.05,Estacionamento em local de reunião
1046,2024-10-15,Transporte,117.44,Aluguel de carro para deslocamento profissional
1044,2024-10-15,Hotel,93.55,Hospedagem em viagem a trabalho
1036,2024-10-27,Hotel,736.41,Diária em hotel durante treinamento
1028,2024-11-13,Outros,218.93,Reembolso de brindes para cliente
1048,2025-03-28,Alimentação,73.33,Almoço com cliente em restaurante local
1074,2025-01-18,Outros,507.03,Assinatura de software temporário
1044,2025-02-01,Outros,98.76,Compra de material de escritório
1036,2024-12-09,Transporte,83.88,Reembolso de combustível
1061,2024-12-16,Educação,499.16,Treinamento obrigatório da empresa
1032,2024-11-13,Transporte,66.72,Táxi do aeroporto ao hotel
1046,2024-11-16,Outros,117.48,Serviços de impressão para apresentação
1069,2024-12-14,Alimentação,75.59,Jantar em viagem de negócios
1085,2024-11-04,Outros,326.11,Compra de material de escritório
1091,2025-03-14,Outros,231.17,Assinatura de software temporário
1088,2024-12-27,Outros,10.0,Compra de material de escritório
1045,2024-12-19,Alimentação,64.03,Café da manhã durante evento corporativo
1016,2024-12-04,Transporte,75.71,Estacionamento em local de reunião
1097,2024-11-27,Hotel,584.56,Estadia para evento corporativo
1002,2025-02-01,Transporte,117.03,Corrida de aplicativo para reunião externa
1045,2025-02-28,Outros,262.73,Compra de material de escritório
1069,2025-02-28,Hotel,244.8,Reembolso de hospedagem em congresso
1022,2024-12-21,Hotel,812.79,Diária de hotel em missão comercial
1085,2025-03-12,Hotel,650.51,Diária de hotel em missão comercial
1032,2024-10-30,Outros,407.68,Compra emergencial durante viagem
1000,2024-11-10,Hotel,688.84,Reembolso de hospedagem em congresso
1029,2024-10-18,Alimentação,113.04,Café da manhã durante evento corporativo
1098,2025-01-18,Transporte,118.66,Aluguel de carro para deslocamento profissional
1088,2025-02-20,Hotel,869.25,Hospedagem em viagem a trabalho
1036,2024-10-25,Hotel,704.45,Reembolso de hospedagem em congresso
1081,2025-03-17,Educação,290.21,Workshop de capacitação
1098,2025-02-24,Hotel,1054.49,Reembolso de hospedagem em congresso
1028,2025-02-08,Alimentação,106.67,Jantar em viagem de negócios
1088,2025-01-12,Outros,286.06,Compra de material de escritório
1088,2025-02-09,Transporte,48.95,Estacionamento em local de reunião
1069,2025-02-15,Hotel,342.34,Diária em hotel durante treinamento
1004,2024-10-19,Alimentação,88.78,Almoço com cliente em restaurante local
1026,2025-04-08,Alimentação,84.37,Compra de lanche em aeroporto
1067,2025-01-17,Educação,238.59,Treinamento obrigatório da empresa
1061,2025-03-08,Alimentação,84.23,Compra de lanche em aeroporto
1088,2024-10-29,Outros,438.29,Compra emergencial durante viagem
1098,2025-02-14,Transporte,127.82,Reembolso de combustível
1024,2025-03-17,Transporte,54.36,Estacionamento em local de reunião
1004,2024-11-09,Hotel,577.7,Hospedagem em viagem a trabalho
1081,2025-02-05,Outros,79.26,Compra emergencial durante viagem
1049,2025-01-20,Educação,261.23,Workshop de capacitação
1026,2024-12-07,Alimentação,67.59,Jantar em viagem de negócios
1067,2025-03-24,Transporte,80.89,Estacionamento em local de reunião
1002,2024-10-18,Educação,174.49,Inscrição em conferência da área
1082,2025-03-29,Outros,180.85,Compra emergencial durante viagem
1085,2025-02-24,Transporte,77.58,Aluguel de carro para deslocamento profissional
1047,2024-12-25,Alimentação,10.0,Jantar em viagem de negócios
1091,2024-12-06,Educação,505.3,Inscrição em conferência da área
1071,2024-12-09,Hotel,817.75,Estadia para evento corporativo
1046,2024-12-05,Alimentação,68.71,Jantar em viagem de negócios
1041,2024-11-15,Hotel,603.76,Reembolso de hospedagem em congresso
1098,2025-03-26,Educação,182.83,Curso online de atualização profissional
1027,2024-12-02,Hotel,939.14,Diária em hotel durante treinamento
1036,2024-11-26,Outros,484.59,Serviços de impressão para apresentação
1067,2024-11-24,Hotel,631.34,Diária de hotel em missão comercial
1044,2025-02-19,Outros,353.53,Reembolso de brindes para cliente
1091,2024-10-24,Educação,317.53,Workshop de capacitação
1067,2025-03-22,Alimentação,39.9,Compra de lanche em aeroporto
1088,2024-10-19,Educação,258.82,Inscrição em conferência da área
1041,2024-12-23,Educação,313.19,Workshop de capacitação
1047,2025-04-12,Educação,254.55,Compra de livro técnico
1028,2024-10-28,Alimentação,73.44,Compra de lanche em aeroporto
1002,2025-03-05,Educação,290.86,Inscrição em conferência da área
1046,2024-12-26,Alimentação,77.57,Compra de lanche em aeroporto
1088,2024-10-18,Hotel,610.45,Hospedagem em viagem a trabalho
1032,2024-11-01,Transporte,57.58,Táxi do aeroporto ao hotel
1000,2024-10-18,Outros,92.45,Compra de material de escritório
1085,2025-01-04,Transporte,48.62,Aluguel de carro para deslocamento profissional
1011,2024-12-08,Alimentação,109.33,Refeição após reunião externa
1036,2025-01-05,Educação,89.44,Compra de livro técnico
1061,2025-02-15,Outros,373.04,Reembolso de brindes para cliente
1088,2025-04-02,Educação,438.63,Curso online de atualização profissional
1098,2025-02-09,Alimentação,70.93,Jantar em viagem de negócios
1074,2025-01-10,Outros,10.0,Reembolso de brindes para cliente
1002,2024-11-20,Outros,145.8,Compra de material de escritório
1074,2025-01-13,Transporte,97.43,Corrida de aplicativo para reunião externa
1029,2024-12-11,Hotel,397.88,Hospedagem em viagem a trabalho
1041,2024-11-18,Educação,248.48,Treinamento obrigatório da empresa
1074,2024-12-08,Alimentação,125.91,Café da manhã durante evento corporativo
1049,2025-03-07,Transporte,126.6,Aluguel de carro para deslocamento profissional
1028,2024-12-16,Educação,207.54,Compra de livro técnico
1029,2024-11-29,Transporte,36.1,Aluguel de carro para deslocamento profissional
1028,2024-11-16,Transporte,86.92,Estacionamento em local de reunião
1098,2024-12-26,Transporte,91.46,Estacionamento em local de reunião
1085,2025-03-17,Outros,274.43,Serviços de impressão para apresentação
1029,2024-11-04,Hotel,492.94,Reembolso de hospedagem em congresso
1028,2024-11-06,Outros,276.72,Compra de material de escritório
1046,2024-10-21,Educação,493.52,Compra de livro técnico
1002,2024-11-11,Alimentação,104.47,Almoço com cliente em restaurante local
1069,2025-02-21,Outros,192.79,Compra emergencial durante viagem
1036,2024-10-17,Educação,281.68,Inscrição em conferência da área
1028,2025-01-12,Alimentação,69.3,Jantar em viagem de negócios
1098,2024-12-31,Outros,377.1,Compra emergencial durante viagem
1027,2025-01-27,Outros,105.9,Compra emergencial durante viagem
1091,2024-12-28,Alimentação,81.36,Almoço com cliente em restaurante local
1098,2024-11-13,Transporte,102.05,Estacionamento em local de reunião
1044,2025-02-13,Alimentação,64.95,Refeição após reunião externa
1041,2025-02-08,Educação,162.75,Workshop de capacitação
1027,2025-04-10,Outros,248.45,Assinatura de software temporário
1046,2025-03-31,Educação,293.9,Compra de livro técnico
1047,2025-02-10,Outros,275.04,Compra emergencial durante viagem
1016,2025-03-28,Educação,246.64,Inscrição em conferência da área
1088,2025-03-17,Educação,422.08,Inscrição em conferência da área
1049,2024-12-09,Hotel,424.65,Diária de hotel em missão comercial
1044,2025-03-03,Educação,471.2,Workshop de capacitação
1069,2024-10-31,Alimentação,27.57,Almoço com cliente em restaurante local
1074,2024-12-20,Outros,265.22,Compra de material de escritório
1041,2025-02-28,Alimentação,94.26,Refeição após reunião externa
1088,2025-02-18,Transporte,68.18,Reembolso de combustível
1024,2025-02-19,Hotel,684.88,Diária em hotel durante treinamento
1032,2025-03-07,Educação,427.95,Treinamento obrigatório da empresa
1088,2024-10-17,Hotel,156.64,Diária de hotel em missão comercial
1077,2024-12-22,Outros,275.41,Serviços de impressão para apresentação
1067,2025-03-10,Hotel,101.35,Reembolso de hospedagem em congresso
1091,2025-04-03,Transporte,61.37,Aluguel de carro para deslocamento profissional
1028,2024-11-22,Outros,444.37,Assinatura de software temporário
1082,2025-01-07,Hotel,483.64,Diária de hotel em missão comercial
1028,2024-12-31,Educação,182.61,Workshop de capacitação
1036,2024-12-22,Outros,170.31,Serviços de impressão para apresentação
1098,2024-12-14,Educação,506.79,Inscrição em conferência da área
1085,2025-01-15,Alimentação,25.05,Jantar em viagem de negócios
1022,2025-01-27,Transporte,57.95,Corrida de aplicativo para reunião externa
1061,2024-10-30,Outros,424.61,Assinatura de software temporário
1011,2024-10-29,Outros,478.66,Compra emergencial durante viagem
1032,2025-04-08,Alimentação,76.9,Jantar em viagem de negócios
1091,2024-10-23,Alimentação,42.83,Almoço com cliente em restaurante local
1032,2024-12-22,Educação,509.58,Treinamento obrigatório da empresa
1077,2025-01-09,Alimentação,127.83,Almoço com cliente em restaurante local
1088,2024-10-26,Transporte,127.16,Reembolso de combustível
1049,2024-11-14,Outros,78.14,Compra de material de escritório
1004,2025-02-04,Educação,295.1,Compra de livro técnico
1067,2025-02-06,Outros,175.95,Serviços de impressão para apresentação
1036,2025-04-07,Outros,249.63,Compra de material de escritório
1098,2024-10-31,Transporte,158.04,Aluguel de carro para deslocamento profissional
1022,2024-10-16,Alimentação,106.38,Jantar em viagem de negócios
1085,2025-03-24,Outros,38.39,Serviços de impressão para apresentação
1069,2025-02-26,Alimentação,121.29,Compra de lanche em aeroporto
1026,2025-01-24,Outros,246.97,Reembolso de brindes para cliente
1067,2025-03-11,Transporte,127.48,Corrida de aplicativo para reunião externa
1000,2024-12-06,Transporte,158.66,Corrida de aplicativo para reunião externa
1029,2024-12-16,Alimentação,46.65,Café da manhã durante evento corporativo
1098,2025-03-16,Educação,296.42,Workshop de capacitação
1085,2025-01-30,Educação,246.85,Compra de livro técnico
1067,2025-03-06,Transporte,37.29,Estacionamento em local de reunião
1080,2025-01-11,Alimentação,90.4,Almoço com cliente em restaurante local
1028,2025-01-03,Hotel,1102.31,Diária de hotel em missão comercial
1067,2025-03-29,Hotel,231.98,Estadia para evento corporativo
1088,2025-03-10,Transporte,98.71,Estacionamento em local de reunião
1069,2025-01-13,Educação,364.05,Compra de livro técnico
1074,2024-10-18,Alimentação,83.69,Café da manhã durante evento corporativo
1082,2025-02-16,Educação,288.69,Treinamento obrigatório da empresa
1016,2025-01-21,Outros,10.0,Compra de material de escritório
1026,2024-12-31,Hotel,646.56,Estadia para evento corporativo
1048,2025-02-27,Outros,86.49,Serviços de impressão para apresentação
1044,2025-02-17,Outros,10.0,Serviços de impressão para apresentação
1032,2024-12-15,Educação,419.46,Compra de livro técnico
1074,2025-03-12,Educação,395.84,Inscrição em conferência da área
1091,2025-02-28,Hotel,610.33,Reembolso de hospedagem em congresso
1036,2024-12-18,Educação,322.91,Treinamento obrigatório da empresa
1064,2024-10-29,Educação,407.43,Curso online de atualização profissional
1088,2025-02-28,Alimentação,86.73,Refeição após reunião externa
1057,2025-04-09,Transporte,136.16,Táxi do aeroporto ao hotel
1059,2025-04-07,Educação,270.25,Workshop de capacitação
1041,2025-03-12,Outros,396.8,Compra de material de escritório
1032,2024-12-31,Hotel,664.16,Hospedagem em viagem a trabalho
1045,2025-01-09,Alimentação,85.82,Refeição após reunião externa
1036,2024-12-27,Hotel,345.99,Diária em hotel durante treinamento
1028,2025-03-21,Transporte,111.48,Aluguel de carro para deslocamento profissional
1059,2025-02-17,Hotel,433.61,Hospedagem em viagem a trabalho
1074,2025-03-19,Hotel,472.34,Hospedagem em viagem a trabalho
1067,2025-01-08,Transporte,67.38,Aluguel de carro para deslocamento profissional
1067,2025-01-17,Transporte,57.35,Táxi do aeroporto ao hotel
1067,2024-12-18,Transporte,184.99,Reembolso de combustível
1061,2025-04-09,Transporte,153.25,Táxi do aeroporto ao hotel
1098,2025-02-09,Outros,488.06,Serviços de impressão para apresentação
1032,2025-01-18,Alimentação,43.31,Almoço com cliente em restaurante local
1049,2024-12-15,Educação,307.13,Treinamento obrigatório da empresa
1080,2024-10-28,Outros,10.0,Compra de material de escritório
1098,2024-11-22,Hotel,460.86,Diária de hotel em missão comercial
1059,2024-11-09,Educação,208.19,Treinamento obrigatório da empresa
1088,2025-02-24,Educação,423.96,Inscrição em conferência da área
1091,2025-01-06,Outros,140.57,Serviços de impressão para apresentação
1024,2025-03-20,Transporte,142.74,Estacionamento em local de reunião
1002,2024-11-09,Alimentação,98.12,Compra de lanche em aeroporto
1077,2025-02-06,Educação,530.36,Treinamento obrigatório da empresa
1027,2025-03-20,Outros,10.0,Serviços de impressão para apresentação
1024,2025-01-16,Transporte,150.37,Aluguel de carro para deslocamento profissional
1048,2024-12-22,Outros,371.97,Assinatura de software temporário
1059,2025-03-08,Alimentação,50.8,Almoço com cliente em restaurante local
1036,2024-12-17,Transporte,140.29,Aluguel de carro para deslocamento profissional
1067,2025-01-20,Alimentação,90.08,Café da manhã durante evento corporativo
1000,2024-10-30,Outros,165.88,Serviços de impressão para apresentação
1082,2025-03-03,Outros,76.41,Serviços de impressão para apresentação
1098,2025-03-14,Hotel,456.18,Reembolso de hospedagem em congresso
1067,2025-02-18,Hotel,1009.96,Estadia para evento corporativo
1082,2025-01-07,Educação,300.07,Compra de livro técnico
1061,2025-02-10,Educação,378.21,Workshop de capacitação
1000,2025-01-07,Educação,220.91,Workshop de capacitação
1022,2025-03-27,Transporte,68.81,Estacionamento em local de reunião
1002,2025-03-30,Outros,362.3,Reembolso de brindes para cliente
1016,2025-01-29,Hotel,330.08,Hospedagem em viagem a trabalho
1028,2025-03-24,Educação,258.48,Compra de livro técnico
1069,2024-10-29,Transporte,101.36,Táxi do aeroporto ao hotel
1098,2024-11-09,Alimentação,83.34,Jantar em viagem de negócios
1024,2024-10-24,Educação,282.09,Inscrição em conferência da área
1057,2024-12-22,Outros,259.37,Compra emergencial durante viagem
1004,2025-02-01,Hotel,738.57,Reembolso de hospedagem em congresso
1036,2024-11-24,Hotel,746.93,Diária de hotel em missão comercial
1074,2024-11-07,Alimentação,50.43,Refeição após reunião externa
1016,2024-12-18,Transporte,88.63,Corrida de aplicativo para reunião externa
1061,2025-04-07,Hotel,838.95,Reembolso de hospedagem em congresso
1057,2025-01-18,Alimentação,106.84,Refeição após reunião externa
1067,2025-03-22,Hotel,325.43,Estadia para evento corporativo
1000,2024-12-05,Hotel,670.3,Diária de hotel em missão comercial
1028,2025-01-06,Hotel,204.35,Estadia para evento corporativo
1064,2025-02-23,Educação,304.69,Curso online de atualização profissional
1047,2025-02-24,Outros,484.67,Reembolso de brindes para cliente
1074,2024-11-10,Outros,57.82,Compra emergencial durante viagem
1082,2024-12-27,Hotel,433.14,Estadia para evento corporativo
1059,2025-01-15,Outros,314.6,Assinatura de software temporário
1098,2025-02-10,Educação,145.72,Curso online de atualização profissional
1091,2025-02-14,Outros,105.09,Serviços de impressão para apresentação
1081,2024-12-15,Transporte,123.86,Táxi do aeroporto ao hotel
1057,2024-11-07,Hotel,473.14,Reembolso de hospedagem em congresso
1057,2024-12-18,Outros,164.6,Compra emergencial durante viagem
1024,2024-12-16,Alimentação,102.33,Almoço com cliente em restaurante local
1029,2024-11-01,Hotel,684.31,Hospedagem em viagem a trabalho
1059,2024-11-05,Hotel,653.36,Estadia para evento corporativo
1036,2025-01-02,Hotel,532.18,Diária de hotel em missão comercial
1088,2025-01-07,Educação,337.01,Workshop de capacitação
1022,2025-01-01,Hotel,575.25,Diária de hotel em missão comercial
1041,2024-12-18,Educação,345.78,Compra de livro técnico
1029,2024-12-02,Transporte,80.12,Corrida de aplicativo para reunião externa
1002,2025-01-07,Transporte,92.7,Reembolso de combustível
1067,2024-12-03,Alimentação,50.3,Jantar em viagem de negócios
1029,2025-04-11,Educação,296.5,Curso online de atualização profissional
1016,2024-11-15,Alimentação,55.67,Refeição após reunião externa
1028,2025-01-31,Alimentação,46.58,Almoço com cliente em restaurante local
1098,2024-10-30,Educação,325.87,Treinamento obrigatório da empresa
1091,2024-10-27,Alimentação,86.38,Almoço com cliente em restaurante local
1088,2024-12-19,Outros,317.43,Reembolso de brindes para cliente
1049,2024-12-25,Educação,256.89,Workshop de capacitação
1046,2025-02-23,Transporte,116.32,Reembolso de combustível
1022,2024-12-15,Transporte,122.03,Táxi do aeroporto ao hotel
1041,2025-03-26,Transporte,117.79,Corrida de aplicativo para reunião externa
1027,2025-02-11,Hotel,434.87,Estadia para evento corporativo
1098,2024-11-20,Educação,314.94,Treinamento obrigatório da empresa
1088,2025-02-21,Outros,254.62,Assinatura de software temporário
1002,2024-12-05,Outros,201.08,Reembolso de brindes para cliente
1067,2025-02-02,Outros,10.0,Assinatura de software temporário
1057,2024-11-08,Outros,224.07,Assinatura de software temporário
1041,2025-02-02,Outros,531.88,Serviços de impressão para apresentação
1047,2025-01-06,Educação,264.0,Treinamento obrigatório da empresa
1046,2025-01-30,Alimentação,58.16,Refeição após reunião externa
1036,2025-03-27,Hotel,674.67,Reembolso de hospedagem em congresso
1088,2025-01-21,Transporte,112.5,Reembolso de combustível
1080,2025-02-05,Alimentação,115.78,Compra de lanche em aeroporto
1091,2024-11-14,Transporte,49.69,Reembolso de combustível
1045,2024-12-01,Educação,373.14,Treinamento obrigatório da empresa
1080,2025-02-08,Educação,359.04,Compra de livro técnico
1036,2025-03-06,Alimentação,75.74,Refeição após reunião externa
1045,2025-04-12,Outros,250.8,Reembolso de brindes para cliente
1080,2024-11-25,Outros,354.42,Serviços de impressão para apresentação
1069,2024-11-20,Educação,387.23,Treinamento obrigatório da empresa
1077,2025-02-26,Educação,185.7,Inscrição em conferência da área
1029,2024-11-22,Educação,382.02,Compra de livro técnico
1046,2025-02-23,Hotel,587.06,Diária em hotel durante treinamento
1077,2025-02-28,Transporte,102.91,Estacionamento em local de reunião
1091,2024-11-15,Outros,210.98,Serviços de impressão para apresentação
1045,2024-11-17,Outros,177.46,Serviços de impressão para apresentação
1024,2024-10-27,Transporte,147.67,Corrida de aplicativo para reunião externa
1082,2025-02-15,Transporte,96.65,Reembolso de combustível
1048,2024-11-16,Educação,188.05,Treinamento obrigatório da empresa
1022,2024-11-18,Hotel,521.29,Diária de hotel em missão comercial
1097,2025-01-29,Transporte,107.15,Reembolso de combustível
1064,2025-03-22,Transporte,149.17,Corrida de aplicativo para reunião externa
1044,2024-11-17,Alimentação,98.09,Jantar em viagem de negócios
1016,2025-04-01,Hotel,429.89,Estadia para evento corporativo
1002,2024-10-25,Educação,548.52,Curso online de atualização profissional
1046,2024-12-24,Alimentação,87.94,Jantar em viagem de negócios
1080,2025-03-10,Educação,427.54,Inscrição em conferência da área
1011,2025-02-07,Educação,284.83,Workshop de capacitação
1097,2024-10-31,Hotel,706.67,Reembolso de hospedagem em congresso
1032,2025-03-02,Alimentação,105.18,Café da manhã durante evento corporativo
1049,2024-10-26,Transporte,148.73,Corrida de aplicativo para reunião externa
1088,2025-03-24,Educação,405.74,Curso online de atualização profissional
1044,2024-10-30,Educação,387.22,Inscrição em conferência da área
1069,2025-04-01,Hotel,536.98,Reembolso de hospedagem em congresso
1080,2025-04-03,Alimentação,62.85,Jantar em viagem de negócios
1091,2025-04-05,Educação,333.26,Inscrição em conferência da área
1067,2024-11-25,Alimentação,107.99,Jantar em viagem de negócios
1081,2024-12-18,Alimentação,73.32,Compra de lanche em aeroporto
1085,2025-01-13,Transporte,142.61,Aluguel de carro para deslocamento profissional
1091,2025-02-09,Hotel,890.52,Estadia para evento corporativo
1029,2025-02-19,Alimentação,52.51,Compra de lanche em aeroporto
1041,2024-12-31,Alimentação,54.89,Café da manhã durante evento corporativo
1098,2024-12-15,Hotel,571.92,Hospedagem em viagem a trabalho
1000,2024-10-28,Alimentação,89.23,Jantar em viagem de negócios
1048,2024-11-05,Transporte,79.02,Aluguel de carro para deslocamento profissional
1059,2024-12-21,Alimentação,120.57,Jantar em viagem de negócios
1088,2025-03-02,Outros,263.61,Compra de material de escritório
1024,2025-03-18,Transporte,101.58,Corrida de aplicativo para reunião externa
1027,2025-03-26,Outros,10.0,Assinatura de software temporário
1032,2024-11-09,Outros,10.0,Reembolso de brindes para cliente
1000,2024-12-19,Alimentação,88.43,Jantar em viagem de negócios
1029,2025-01-09,Educação,86.74,Curso online de atualização profissional
1036,2024-11-30,Outros,351.9,Serviços de impressão para apresentação
1091,2025-01-07,Alimentação,75.26,Almoço com cliente em restaurante local
1047,2024-11-18,Transporte,229.72,Estacionamento em local de reunião
1016,2025-01-15,Transporte,192.32,Aluguel de carro para deslocamento profissional
1046,2025-01-02,Hotel,563.71,Diária de hotel em missão comercial
1088,2024-11-19,Hotel,578.73,Reembolso de hospedagem em congresso
1004,2024-11-16,Transporte,139.82,Corrida de aplicativo para reunião externa
1032,2024-12-30,Educação,470.32,Workshop de capacitação
1004,2024-10-21,Transporte,34.48,Reembolso de combustível
1027,2025-02-15,Educação,121.36,Compra de livro técnico
1028,2025-01-16,Hotel,475.59,Diária de hotel em missão comercial
1032,2025-02-12,Educação,358.27,Inscrição em conferência da área
1074,2024-11-01,Transporte,119.87,Estacionamento em local de reunião
1047,2024-11-23,Hotel,813.95,Reembolso de hospedagem em congresso
1088,2025-04-08,Outros,20.05,Compra emergencial durante viagem
1029,2024-12-04,Alimentação,10.52,Compra de lanche em aeroporto
1032,2025-02-21,Educação,385.8,Workshop de capacitação
1088,2024-11-29,Outros,75.77,Serviços de impressão para apresentação
1081,2025-03-08,Alimentação,19.45,Compra de lanche em aeroporto
1091,2025-01-28,Transporte,105.8,Corrida de aplicativo para reunião externa
1067,2025-04-06,Hotel,758.64,Diária de hotel em missão comercial
1098,2025-01-13,Hotel,575.59,Diária em hotel durante treinamento
1085,2024-12-17,Outros,131.32,Assinatura de software temporário
1069,2024-12-27,Outros,176.1,Assinatura de software temporário
1098,2024-12-27,Outros,144.41,Reembolso de brindes para cliente
1067,2024-11-13,Hotel,330.39,Estadia para evento corporativo
1024,2025-04-11,Hotel,457.06,Diária em hotel durante treinamento
1016,2025-04-10,Outros,278.19,Compra de material de escritório
1027,2024-12-06,Transporte,112.87,Táxi do aeroporto ao hotel
1027,2024-11-03,Transporte,106.72,Corrida de aplicativo para reunião externa
1097,2025-02-23,Transporte,60.19,Corrida de aplicativo para reunião externa
1027,2024-11-03,Outros,172.77,Assinatura de software temporário
1085,2024-12-11,Educação,82.29,Treinamento obrigatório da empresa
1067,2025-02-03,Outros,226.77,Serviços de impressão para apresentação
1046,2025-01-28,Hotel,885.77,Hospedagem em viagem a trabalho
1028,2024-10-15,Alimentação,35.78,Almoço com cliente em restaurante local
1061,2025-02-03,Educação,241.41,Curso online de atualização profissional
1081,2024-11-13,Alimentação,89.87,Café da manhã durante evento corporativo
1028,2025-01-04,Educação,425.28,Workshop de capacitação
1036,2024-11-11,Alimentação,66.55,Compra de lanche em aeroporto
1088,2025-03-23,Outros,96.16,Compra de material de escritório
1004,2025-03-01,Alimentação,20.93,Café da manhã durante evento corporativo
1071,2024-11-07,Transporte,104.14,Estacionamento em local de reunião
1016,2025-04-06,Alimentação,141.26,Jantar em viagem de negócios
1044,2025-03-08,Educação,327.74,Inscrição em conferência da área
1069,2024-10-14,Outros,196.66,Reembolso de brindes para cliente
1074,2024-10-28,Transporte,112.88,Estacionamento em local de reunião
1067,2024-11-13,Outros,198.34,Assinatura de software temporário
1067,2025-03-02,Alimentação,55.61,Compra de lanche em aeroporto
1047,2024-10-30,Educação,382.33,Compra de livro técnico
1016,2024-10-27,Transporte,109.03,Táxi do aeroporto ao hotel
1028,2024-10-24,Educação,301.76,Treinamento obrigatório da empresa
1011,2024-12-04,Transporte,60.99,Estacionamento em local de reunião
1028,2025-01-03,Educação,430.35,Workshop de capacitação
1059,2025-03-29,Outros,299.71,Serviços de impressão para apresentação
1000,2025-01-20,Educação,244.71,Compra de livro técnico
1004,2025-02-03,Hotel,800.36,Diária de hotel em missão comercial
1098,2025-02-20,Outros,125.36,Compra emergencial durante viagem
1061,2025-04-11,Educação,221.8,Treinamento obrigatório da empresa
1067,2024-10-16,Hotel,448.06,Estadia para evento corporativo
1022,2025-04-13,Educação,122.89,Compra de livro técnico
1080,2024-12-10,Alimentação,94.15,Café da manhã durante evento corporativo
1028,2025-01-24,Alimentação,25.07,Compra de lanche em aeroporto
1002,2025-01-17,Hotel,354.31,Diária em hotel durante treinamento
1036,2024-10-16,Transporte,16.98,Táxi do aeroporto ao hotel
1059,2025-01-07,Alimentação,77.42,Café da manhã durante evento corporativo
1028,2025-03-04,Outros,177.45,Compra emergencial durante viagem
1074,2024-12-31,Outros,151.0,Reembolso de brindes para cliente
1016,2024-11-06,Alimentação,48.72,Refeição após reunião externa
1047,2024-11-20,Transporte,53.11,Táxi do aeroporto ao hotel
1088,2025-04-01,Hotel,692.87,Diária de hotel em missão comercial
1098,2024-11-01,Transporte,77.98,Reembolso de combustível
1036,2025-02-21,Alimentação,89.49,Compra de lanche em aeroporto
1024,2025-01-07,Outros,67.21,Reembolso de brindes para cliente
1004,2024-12-31,Alimentação,85.43,Café da manhã durante evento corporativo
1098,2024-12-24,Transporte,152.13,Aluguel de carro para deslocamento profissional
1032,2024-11-16,Outros,287.92,Compra de material de escritório
1028,2025-03-21,Hotel,517.52,Diária em hotel durante treinamento
1004,2024-11-09,Outros,238.58,Assinatura de software temporário
1049,2025-02-09,Alimentação,72.78,Café da manhã durante evento corporativo
1047,2024-12-22,Educação,300.79,Compra de livro técnico
1048,2024-11-04,Transporte,86.98,Estacionamento em local de reunião
1080,2025-02-21,Educação,283.57,Curso online de atualização profissional
1036,2025-03-20,Outros,231.81,Compra de material de escritório
1059,2025-03-28,Outros,51.0,Compra emergencial durante viagem
1032,2024-12-21,Hotel,396.82,Diária de hotel em missão comercial
1032,2025-03-23,Transporte,44.46,Táxi do aeroporto ao hotel
1046,2024-12-13,Educação,139.97,Compra de livro técnico
1091,2024-10-26,Outros,17.41,Compra emergencial durante viagem
1026,2025-04-14,Alimentação,84.78,Jantar em viagem de negócios
1077,2024-12-13,Hotel,421.44,Reembolso de hospedagem em congresso
1032,2024-11-11,Transporte,120.54,Reembolso de combustível
1049,2024-12-30,Educação,303.47,Treinamento obrigatório da empresa
1067,2024-12-17,Alimentação,20.94,Compra de lanche em aeroporto
1024,2024-11-18,Hotel,731.0,Diária em hotel durante treinamento
1024,2025-03-25,Outros,321.62,Assinatura de software temporário
1098,2024-12-20,Transporte,60.25,Táxi do aeroporto ao hotel
1098,2025-03-23,Outros,263.03,Reembolso de brindes para cliente
1097,2025-04-13,Educação,214.35,Treinamento obrigatório da empresa
1069,2025-01-03,Outros,214.65,Compra emergencial durante viagem
1067,2025-03-01,Outros,10.33,Reembolso de brindes para cliente
1098,2025-04-07,Alimentação,26.21,Café da manhã durante evento corporativo
1098,2025-04-01,Educação,261.72,Workshop de capacitação
1036,2025-01-13,Outros,181.44,Compra de material de escritório
1048,2024-11-30,Educação,260.23,Compra de livro técnico
1000,2024-12-31,Hotel,363.19,Hospedagem em viagem a trabalho
1059,2025-01-17,Hotel,520.02,Diária de hotel em missão comercial
1088,2025-03-14,Alimentação,88.08,Café da manhã durante evento corporativo
1029,2025-03-20,Hotel,591.02,Diária de hotel em missão comercial
1022,2025-03-29,Outros,227.38,Reembolso de brindes para cliente
1022,2025-03-01,Alimentação,59.9,Jantar em viagem de negócios
1069,2025-02-05,Hotel,834.34,Hospedagem em viagem a trabalho
1091,2025-01-26,Alimentação,44.71,Almoço com cliente em restaurante local
1067,2024-11-26,Alimentação,94.63,Jantar em viagem de negócios
1067,2024-11-06,Transporte,147.28,Reembolso de combustível
1080,2024-11-27,Hotel,696.18,Diária em hotel durante treinamento
1036,2025-02-13,Educação,279.75,Compra de livro técnico
1064,2024-10-31,Hotel,494.34,Hospedagem em viagem a trabalho
1067,2025-04-08,Outros,355.41,Reembolso de brindes para cliente
1061,2024-12-07,Outros,10.0,Compra emergencial durante viagem
1091,2024-10-14,Hotel,405.98,Diária de hotel em missão comercial
1098,2025-03-22,Outros,140.37,Reembolso de brindes para cliente
1032,2024-10-24,Alimentação,117.13,Refeição após reunião externa
1067,2025-02-26,Outros,256.97,Compra de material de escritório
1088,2025-01-14,Transporte,61.28,Corrida de aplicativo para reunião externa
1045,2024-12-19,Transporte,87.59,Estacionamento em local de reunião
1088,2024-10-17,Alimentação,61.57,Refeição após reunião externa
1088,2024-12-16,Alimentação,58.71,Almoço com cliente em restaurante local
1091,2025-03-31,Hotel,795.78,Estadia para evento corporativo
1016,2025-01-20,Alimentação,38.85,Café da manhã durante evento corporativo
1088,2025-01-17,Educação,460.88,Inscrição em conferência da área
1091,2025-03-07,Outros,324.23,Compra de material de escritório
1059,2025-02-15,Educação,409.09,Treinamento obrigatório da empresa
1044,2025-02-20,Alimentação,66.11,Jantar em viagem de negócios
1069,2025-02-01,Outros,177.51,Assinatura de software temporário
1028,2024-11-08,Alimentação,37.01,Almoço com cliente em restaurante local
1098,2024-10-16,Outros,121.3,Serviços de impressão para apresentação
1011,2024-10-18,Educação,349.37,Compra de livro técnico
1067,2025-01-20,Transporte,151.84,Corrida de aplicativo para reunião externa
1047,2024-11-26,Hotel,378.57,Estadia para evento corporativo
1057,2025-02-19,Hotel,526.9,Hospedagem em viagem a trabalho
1026,2024-12-15,Hotel,569.74,Diária em hotel durante treinamento
1057,2025-02-06,Hotel,320.84,Reembolso de hospedagem em congresso
1064,2024-12-17,Outros,288.7,Serviços de impressão para apresentação
1046,2024-10-25,Transporte,71.04,Reembolso de combustível
1024,2025-03-15,Transporte,92.18,Corrida de aplicativo para reunião externa
1004,2025-02-11,Educação,254.81,Treinamento obrigatório da empresa
1036,2025-03-14,Outros,81.6,Reembolso de brindes para cliente
1024,2024-10-22,Transporte,99.72,Estacionamento em local de reunião
1032,2024-11-07,Educação,278.44,Workshop de capacitação
1028,2024-11-11,Hotel,525.63,Reembolso de hospedagem em congresso
1044,2025-03-01,Transporte,70.86,Táxi do aeroporto ao hotel
1088,2024-12-01,Transporte,112.78,Estacionamento em local de reunião
1044,2024-11-10,Transporte,166.14,Táxi do aeroporto ao hotel
1036,2025-03-04,Outros,220.98,Reembolso de brindes para cliente
1077,2024-12-02,Transporte,139.84,Estacionamento em local de reunião
1029,2025-03-06,Hotel,321.96,Diária em hotel durante treinamento
1028,2024-10-25,Outros,223.66,Compra de material de escritório
1082,2025-03-02,Hotel,380.53,Hospedagem em viagem a trabalho
1004,2024-11-01,Alimentação,35.69,Café da manhã durante evento corporativo
1024,2024-11-15,Educação,226.06,Workshop de capacitação
1022,2024-12-05,Hotel,838.38,Hospedagem em viagem a trabalho
1098,2025-02-05,Transporte,138.0,Corrida de aplicativo para reunião externa
1002,2024-11-17,Transporte,109.72,Corrida de aplicativo para reunião externa
1091,2025-01-29,Outros,10.0,Compra emergencial durante viagem
1088,2025-01-23,Outros,170.56,Compra emergencial durante viagem
1067,2024-11-27,Transporte,112.07,Estacionamento em local de reunião
1046,2025-01-25,Transporte,107.02,Corrida de aplicativo para reunião externa
1047,2024-10-26,Alimentação,24.69,Refeição após reunião externa
1002,2025-03-10,Outros,66.45,Compra emergencial durante viagem
1098,2024-12-12,Hotel,587.18,Hospedagem em viagem a trabalho
1091,2025-03-03,Educação,353.63,Compra de livro técnico
1002,2024-10-18,Transporte,12.15,Táxi do aeroporto ao hotel
1046,2024-11-01,Alimentação,75.14,Refeição após reunião externa
1091,2024-12-09,Alimentação,84.29,Café da manhã durante evento corporativo
1024,2024-12-19,Transporte,133.98,Táxi do aeroporto ao hotel
1091,2025-01-13,Transporte,127.71,Corrida de aplicativo para reunião externa
1082,2025-03-26,Educação,358.26,Treinamento obrigatório da empresa
1097,2025-01-19,Hotel,440.01,Reembolso de hospedagem em congresso
1098,2024-12-17,Educação,109.2,Compra de livro técnico
1098,2024-10-27,Alimentação,68.21,Compra de lanche em aeroporto
1067,2024-11-20,Educação,400.16,Workshop de capacitação
1024,2024-11-15,Outros,409.02,Compra emergencial durante viagem
1028,2025-03-01,Outros,306.58,Compra emergencial durante viagem
1088,2024-12-02,Alimentação,92.88,Compra de lanche em aeroporto
1016,2025-04-13,Educação,337.96,Compra de livro técnico
1027,2025-02-01,Transporte,77.76,Estacionamento em local de reunião
1044,2025-02-18,Educação,286.99,Curso online de atualização profissional
1028,2024-12-08,Educação,466.91,Treinamento obrigatório da empresa
1091,2024-11-22,Alimentação,51.72,Jantar em viagem de negócios
1045,2025-02-06,Educação,461.48,Compra de livro técnico
1036,2025-01-30,Hotel,535.59,Reembolso de hospedagem em congresso
1029,2025-01-31,Educação,432.54,Workshop de capacitação
1067,2024-11-16,Alimentação,37.8,Compra de lanche em aeroporto
1032,2025-01-23,Educação,358.59,Compra de livro técnico
1049,2024-11-06,Outros,89.48,Compra de material de escritório
1082,2025-02-15,Outros,10.0,Compra emergencial durante viagem
1002,2025-01-27,Educação,321.85,Compra de livro técnico
1059,2024-12-12,Educação,400.95,Curso online de atualização profissional
1082,2025-02-08,Educação,215.51,Treinamento obrigatório da empresa
1036,2024-11-21,Transporte,40.04,Aluguel de carro para deslocamento profissional
1049,2025-01-15,Hotel,581.63,Estadia para evento corporativo
1032,2025-03-27,Transporte,96.5,Corrida de aplicativo para reunião externa
1049,2024-12-09,Alimentação,96.45,Refeição após reunião externa
1057,2024-10-15,Hotel,789.92,Diária em hotel durante treinamento
1041,2024-11-30,Educação,294.06,Treinamento obrigatório da empresa
1067,2025-01-27,Transporte,174.22,Aluguel de carro para deslocamento profissional
1028,2025-01-15,Educação,322.42,Curso online de atualização profissional
1098,2025-04-07,Transporte,86.14,Reembolso de combustível
1074,2025-03-08,Transporte,35.54,Táxi do aeroporto ao hotel
1032,2024-10-22,Transporte,89.49,Corrida de aplicativo para reunião externa
1024,2025-01-06,Hotel,532.72,Estadia para evento corporativo
1004,2024-11-28,Educação,396.03,Workshop de capacitação
1057,2024-10-23,Transporte,118.5,Corrida de aplicativo para reunião externa
1002,2025-03-18,Transporte,52.83,Corrida de aplicativo para reunião externa
1067,2025-02-18,Hotel,634.45,Diária em hotel durante treinamento
1081,2025-01-08,Educação,367.15,Compra de livro técnico
1044,2025-02-06,Alimentação,125.84,Compra de lanche em aeroporto
1097,2024-11-15,Transporte,135.5,Táxi do aeroporto ao hotel
1067,2024-11-17,Educação,376.08,Compra de livro técnico
1024,2024-12-31,Educação,306.01,Curso online de atualização profissional
1028,2025-03-24,Outros,258.25,Compra de material de escritório
1098,2025-03-03,Outros,387.43,Serviços de impressão para apresentação
1067,2025-02-01,Outros,10.0,Reembolso de brindes para cliente
1046,2025-03-16,Transporte,86.02,Táxi do aeroporto ao hotel
1046,2025-04-01,Hotel,445.49,Diária em hotel durante treinamento
1032,2025-03-31,Alimentação,91.37,Compra de lanche em aeroporto
1028,2024-12-19,Hotel,846.04,Estadia para evento corporativo
1049,2025-01-05,Alimentação,62.09,Almoço com cliente em restaurante local
1024,2024-12-14,Transporte,10.0,Táxi do aeroporto ao hotel
1036,2025-03-15,Hotel,517.56,Diária de hotel em missão comercial
1085,2025-02-13,Outros,337.02,Compra emergencial durante viagem
1028,2024-10-20,Transporte,121.51,Aluguel de carro para deslocamento profissional
1067,2024-11-11,Outros,264.23,Serviços de impressão para apresentação
1027,2024-10-17,Alimentação,71.6,Café da manhã durante evento corporativo
1059,2024-12-07,Hotel,344.19,Reembolso de hospedagem em congresso
1071,2024-12-18,Educação,351.53,Treinamento obrigatório da empresa
1071,2025-04-10,Hotel,433.14,Reembolso de hospedagem em congresso
1002,2025-03-22,Alimentação,145.52,Café da manhã durante evento corporativo
1011,2024-12-20,Outros,285.58,Assinatura de software temporário
1041,2025-02-28,Transporte,76.77,Táxi do aeroporto ao hotel
1067,2024-12-26,Alimentação,61.66,Almoço com cliente em restaurante local
1074,2025-03-15,Outros,186.06,Compra de material de escritório
1098,2025-01-26,Outros,164.07,Serviços de impressão para apresentação
1077,2024-11-04,Outros,367.53,Serviços de impressão para apresentação
1088,2025-03-07,Outros,227.96,Compra emergencial durante viagem
1067,2024-12-26,Hotel,453.67,Hospedagem em viagem a trabalho
1067,2025-03-17,Outros,483.57,Assinatura de software temporário
1041,2025-03-21,Educação,304.93,Compra de livro técnico
1082,2025-03-31,Outros,315.33,Reembolso de brindes para cliente
1036,2024-12-05,Hotel,478.35,Hospedagem em viagem a trabalho
1080,2024-11-24,Alimentação,90.89,Almoço com cliente em restaurante local
1081,2025-01-30,Alimentação,89.33,Jantar em viagem de negócios
1067,2025-03-10,Educação,111.04,Compra de livro técnico
1027,2024-11-24,Hotel,1003.06,Estadia para evento corporativo
1028,2025-01-23,Transporte,151.63,Corrida de aplicativo para reunião externa
1057,2025-04-09,Transporte,84.11,Reembolso de combustível
1088,2025-04-05,Alimentação,46.93,Café da manhã durante evento corporativo
1036,2024-11-11,Outros,252.13,Compra emergencial durante viagem
1059,2025-01-10,Alimentação,82.6,Almoço com cliente em restaurante local
1036,2025-01-16,Hotel,671.13,Estadia para evento corporativo
1024,2025-01-11,Outros,228.74,Compra emergencial durante viagem
1064,2025-01-20,Transporte,120.25,Táxi do aeroporto ao hotel
1011,2025-03-04,Hotel,889.46,Reembolso de hospedagem em congresso
1098,2024-12-08,Alimentação,97.04,Jantar em viagem de negócios
1098,2025-01-12,Transporte,58.01,Aluguel de carro para deslocamento profissional
1044,2025-03-18,Hotel,872.51,Reembolso de hospedagem em congresso
1024,2024-12-01,Alimentação,129.22,Compra de lanche em aeroporto
1036,2025-02-23,Outros,672.81,Serviços de impressão para apresentação
1028,2025-01-17,Outros,31.48,Compra de material de escritório
1061,2025-01-01,Outros,236.43,Serviços de impressão para apresentação
1047,2025-03-07,Alimentação,17.54,Jantar em viagem de negócios
1088,2025-01-31,Alimentação,96.59,Café da manhã durante evento corporativo
1091,2024-11-24,Outros,117.77,Reembolso de brindes para cliente
1074,2025-02-20,Outros,488.52,Assinatura de software temporário
1082,2025-03-06,Outros,83.81,Compra de material de escritório
1091,2024-11-16,Hotel,262.16,Estadia para evento corporativo
1036,2025-04-04,Alimentação,65.86,Café da manhã durante evento corporativo
1024,2025-02-12,Alimentação,20.74,Refeição após reunião externa
1098,2024-10-26,Hotel,750.22,Reembolso de hospedagem em congresso
1036,2025-02-26,Transporte,17.4,Estacionamento em local de reunião
1036,2025-03-27,Transporte,101.14,Corrida de aplicativo para reunião externa
1000,2024-11-27,Alimentação,17.67,Jantar em viagem de negócios
1049,2024-12-13,Educação,267.97,Treinamento obrigatório da empresa
1064,2024-12-20,Educação,464.34,Treinamento obrigatório da empresa
1032,2024-11-21,Transporte,114.43,Reembolso de combustível
